issueID,partID,atDate,holding_value,natural_key,preceding_value,following_value,preceding_date,following_date,security_name,security_code_at_source,participant_ccass_id,participant_name,source_db,source_table,source_record_reference,source_sha256,code_version,parser_value,reconstructed_value,raw_matches_parser,raw_matches_reconstruction,parser_generated_negative,reconstruction_generated_negative,source_native_negative,transition_pattern,magnitude,year,same_day_duplicate,disposition
1,28,2014-09-18,-20000,1|28|2014-09-18,0,0,2014-09-08,2014-09-22,WHARF HOLDINGS,0004,B01157,PASAY STOCK AND SHARES LTD,webbsite_full.sqlite,holdings,holdings:rowid=35946;issueID=1;partID=28;atDate=2014-09-18,9CCDE356D068399BFBC931CA6E367E5944AFCF5C16C83D2FF240636995B0BE7C,bb0d920f0ec2dfb21c9641cc4bedfc6772dc381a,-20000,-20000,YES,YES,NO,NO,YES,ZERO_NEGATIVE_ZERO,20000,2014,NO,FORMAL_QUARANTINE_PENDING_AUTHORITATIVE_SEMANTICS
1005,62,2020-10-28,-13678,1005|62|2020-10-28,12012,12012,2020-06-05,2020-10-29,CHUANG'S INT'L,0367,B01259,FAIR EAGLE SECURITIES CO LTD,webbsite_full.sqlite,holdings,holdings:rowid=36538408;issueID=1005;partID=62;atDate=2020-10-28,9CCDE356D068399BFBC931CA6E367E5944AFCF5C16C83D2FF240636995B0BE7C,bb0d920f0ec2dfb21c9641cc4bedfc6772dc381a,-13678,-13678,YES,YES,NO,NO,YES,POSITIVE_NEGATIVE_POSITIVE,13678,2020,NO,FORMAL_QUARANTINE_PENDING_AUTHORITATIVE_SEMANTICS
1053,422,2015-04-08,-47272000,1053|422|2015-04-08,2728000,2738000,2015-04-01,2015-04-09,TONGGUAN GOLD,340,B01825,GUOYUAN SECURITIES BROKERAGE (HONG KONG),webbsite_full.sqlite,holdings,holdings:rowid=40590242;issueID=1053;partID=422;atDate=2015-04-08,9CCDE356D068399BFBC931CA6E367E5944AFCF5C16C83D2FF240636995B0BE7C,bb0d920f0ec2dfb21c9641cc4bedfc6772dc381a,-47272000,-47272000,YES,YES,NO,NO,YES,POSITIVE_NEGATIVE_POSITIVE,47272000,2015,NO,FORMAL_QUARANTINE_PENDING_AUTHORITATIVE_SEMANTICS
11212,172,2015-05-06,-4000,11212|172|2015-05-06,0,0,2015-04-23,2015-05-07,HK FINANCE GP,1273,B01472,SUN GROWTH SECURITIES LTD,webbsite_full.sqlite,holdings,holdings:rowid=182904629;issueID=11212;partID=172;atDate=2015-05-06,9CCDE356D068399BFBC931CA6E367E5944AFCF5C16C83D2FF240636995B0BE7C,bb0d920f0ec2dfb21c9641cc4bedfc6772dc381a,-4000,-4000,YES,YES,NO,NO,YES,ZERO_NEGATIVE_ZERO,4000,2015,NO,FORMAL_QUARANTINE_PENDING_AUTHORITATIVE_SEMANTICS
11279,103,2016-11-28,-1744000,11279|103|2016-11-28,1284000,1256000,2016-11-24,2016-11-29,ECHO INT HOLD,8218,B01345,PHILLIP SECURITIES (HONG KONG) LTD,webbsite_full.sqlite,holdings,holdings:rowid=183104138;issueID=11279;partID=103;atDate=2016-11-28,9CCDE356D068399BFBC931CA6E367E5944AFCF5C16C83D2FF240636995B0BE7C,bb0d920f0ec2dfb21c9641cc4bedfc6772dc381a,-1744000,-1744000,YES,YES,NO,NO,YES,POSITIVE_NEGATIVE_POSITIVE,1744000,2016,NO,FORMAL_QUARANTINE_PENDING_AUTHORITATIVE_SEMANTICS
1128,144,2010-01-26,-4000,1128|144|2010-01-26,0,0,2010-01-22,2010-01-28,LAM SOON (HK),0411,B01427,TSE'S SECURITIES LTD,webbsite_full.sqlite,holdings,holdings:rowid=47943468;issueID=1128;partID=144;atDate=2010-01-26,9CCDE356D068399BFBC931CA6E367E5944AFCF5C16C83D2FF240636995B0BE7C,bb0d920f0ec2dfb21c9641cc4bedfc6772dc381a,-4000,-4000,YES,YES,NO,NO,YES,ZERO_NEGATIVE_ZERO,4000,2010,NO,FORMAL_QUARANTINE_PENDING_AUTHORITATIVE_SEMANTICS
1128,144,2010-02-02,-4000,1128|144|2010-02-02,0,0,2010-01-28,2010-02-03,LAM SOON (HK),0411,B01427,TSE'S SECURITIES LTD,webbsite_full.sqlite,holdings,holdings:rowid=47943470;issueID=1128;partID=144;atDate=2010-02-02,9CCDE356D068399BFBC931CA6E367E5944AFCF5C16C83D2FF240636995B0BE7C,bb0d920f0ec2dfb21c9641cc4bedfc6772dc381a,-4000,-4000,YES,YES,NO,NO,YES,ZERO_NEGATIVE_ZERO,4000,2010,NO,FORMAL_QUARANTINE_PENDING_AUTHORITATIVE_SEMANTICS
1128,220,2010-03-25,-2000,1128|220|2010-03-25,0,0,2009-10-20,2010-03-29,LAM SOON (HK),0411,B01559,WISETRADE SECURITIES LTD,webbsite_full.sqlite,holdings,holdings:rowid=47943970;issueID=1128;partID=220;atDate=2010-03-25,9CCDE356D068399BFBC931CA6E367E5944AFCF5C16C83D2FF240636995B0BE7C,bb0d920f0ec2dfb21c9641cc4bedfc6772dc381a,-2000,-2000,YES,YES,NO,NO,YES,ZERO_NEGATIVE_ZERO,2000,2010,NO,FORMAL_QUARANTINE_PENDING_AUTHORITATIVE_SEMANTICS
1137,412,2010-09-30,-38300,1137|412|2010-09-30,0,0,2010-09-14,2010-10-04,LI & FUNG,494,B01814,WELL LINK SECURITIES LTD,webbsite_full.sqlite,holdings,holdings:rowid=48855339;issueID=1137;partID=412;atDate=2010-09-30,9CCDE356D068399BFBC931CA6E367E5944AFCF5C16C83D2FF240636995B0BE7C,bb0d920f0ec2dfb21c9641cc4bedfc6772dc381a,-38300,-38300,YES,YES,NO,NO,YES,ZERO_NEGATIVE_ZERO,38300,2010,NO,FORMAL_QUARANTINE_PENDING_AUTHORITATIVE_SEMANTICS
1149,111,2014-12-03,-19166,1149|111|2014-12-03,0,0,2014-11-27,2014-12-04,MAN SANG INT'L,938,B01362,JOSPA INVESTMENT CO LTD,webbsite_full.sqlite,holdings,holdings:rowid=50264453;issueID=1149;partID=111;atDate=2014-12-03,9CCDE356D068399BFBC931CA6E367E5944AFCF5C16C83D2FF240636995B0BE7C,bb0d920f0ec2dfb21c9641cc4bedfc6772dc381a,-19166,-19166,YES,YES,NO,NO,YES,ZERO_NEGATIVE_ZERO,19166,2014,NO,FORMAL_QUARANTINE_PENDING_AUTHORITATIVE_SEMANTICS
1169,15,2009-12-04,-2000,1169|15|2009-12-04,2000,0,2009-11-30,2009-12-07,NGAI HING HONG,1047,B01127,REORIENT FINANCIAL MARKETS LTD,webbsite_full.sqlite,holdings,holdings:rowid=52143396;issueID=1169;partID=15;atDate=2009-12-04,9CCDE356D068399BFBC931CA6E367E5944AFCF5C16C83D2FF240636995B0BE7C,bb0d920f0ec2dfb21c9641cc4bedfc6772dc381a,-2000,-2000,YES,YES,NO,NO,YES,POSITIVE_NEGATIVE_ZERO,2000,2009,NO,FORMAL_QUARANTINE_PENDING_AUTHORITATIVE_SEMANTICS
1226,243,2017-11-01,-78864,1226|243|2017-11-01,21136,43136,2017-10-31,2017-11-02,SEA HOLDINGS,0251,B01590,INTERACTIVE BROKERS HONG KONG LTD,webbsite_full.sqlite,holdings,holdings:rowid=55451671;issueID=1226;partID=243;atDate=2017-11-01,9CCDE356D068399BFBC931CA6E367E5944AFCF5C16C83D2FF240636995B0BE7C,bb0d920f0ec2dfb21c9641cc4bedfc6772dc381a,-78864,-78864,YES,YES,NO,NO,YES,POSITIVE_NEGATIVE_POSITIVE,78864,2017,NO,FORMAL_QUARANTINE_PENDING_AUTHORITATIVE_SEMANTICS
1245,353,2015-04-29,-136200,1245|353|2015-04-29,63800,63800,2015-04-20,2015-05-05,CHINA VERED FIN,245,B01749,TANG KEE SECURITIES LTD,webbsite_full.sqlite,holdings,holdings:rowid=58500818;issueID=1245;partID=353;atDate=2015-04-29,9CCDE356D068399BFBC931CA6E367E5944AFCF5C16C83D2FF240636995B0BE7C,bb0d920f0ec2dfb21c9641cc4bedfc6772dc381a,-136200,-136200,YES,YES,NO,NO,YES,POSITIVE_NEGATIVE_POSITIVE,136200,2015,NO,FORMAL_QUARANTINE_PENDING_AUTHORITATIVE_SEMANTICS
12487,236,2016-01-19,-43810000,12487|236|2016-01-19,38242000,-44660000,2016-01-18,2016-01-21,CG DUNXIN,2229,B01581,KINGSWAY FINANCIAL SERVICES GROUP LTD,webbsite_full.sqlite,holdings,holdings:rowid=188864420;issueID=12487;partID=236;atDate=2016-01-19,9CCDE356D068399BFBC931CA6E367E5944AFCF5C16C83D2FF240636995B0BE7C,bb0d920f0ec2dfb21c9641cc4bedfc6772dc381a,-43810000,-43810000,YES,YES,NO,NO,YES,NEGATIVE_RUN_START,43810000,2016,NO,FORMAL_QUARANTINE_PENDING_AUTHORITATIVE_SEMANTICS
12487,236,2016-01-21,-44660000,12487|236|2016-01-21,-43810000,0,2016-01-19,2019-10-16,CG DUNXIN,2229,B01581,KINGSWAY FINANCIAL SERVICES GROUP LTD,webbsite_full.sqlite,holdings,holdings:rowid=188864421;issueID=12487;partID=236;atDate=2016-01-21,9CCDE356D068399BFBC931CA6E367E5944AFCF5C16C83D2FF240636995B0BE7C,bb0d920f0ec2dfb21c9641cc4bedfc6772dc381a,-44660000,-44660000,YES,YES,NO,NO,YES,REPEATED_NEGATIVE_RUN,44660000,2016,NO,FORMAL_QUARANTINE_PENDING_AUTHORITATIVE_SEMANTICS
12521,114,2015-04-14,-1000,12521|114|2015-04-14,0,4000,2014-08-12,2015-04-15,TIANGE,1980,B01373,CHRISTFUND SECURITIES LTD,webbsite_full.sqlite,holdings,holdings:rowid=189303167;issueID=12521;partID=114;atDate=2015-04-14,9CCDE356D068399BFBC931CA6E367E5944AFCF5C16C83D2FF240636995B0BE7C,bb0d920f0ec2dfb21c9641cc4bedfc6772dc381a,-1000,-1000,YES,YES,NO,NO,YES,ZERO_NEGATIVE_POSITIVE,1000,2015,NO,FORMAL_QUARANTINE_PENDING_AUTHORITATIVE_SEMANTICS
12688,111,2014-12-03,-3833,12688|111|2014-12-03,0,0,2014-11-27,2014-12-04,BAIJIN LIFE-32K,2989,B01362,JOSPA INVESTMENT CO LTD,webbsite_full.sqlite,holdings,holdings:rowid=190068550;issueID=12688;partID=111;atDate=2014-12-03,9CCDE356D068399BFBC931CA6E367E5944AFCF5C16C83D2FF240636995B0BE7C,bb0d920f0ec2dfb21c9641cc4bedfc6772dc381a,-3833,-3833,YES,YES,NO,NO,YES,ZERO_NEGATIVE_ZERO,3833,2014,NO,FORMAL_QUARANTINE_PENDING_AUTHORITATIVE_SEMANTICS
128,240,2018-01-04,-4640,128|240|2018-01-04,0,0,2018-01-02,2018-01-05,LAI SUN INT'L,191,B01585,SINO GRADE SECURITIES LTD,webbsite_full.sqlite,holdings,holdings:rowid=9857110;issueID=128;partID=240;atDate=2018-01-04,9CCDE356D068399BFBC931CA6E367E5944AFCF5C16C83D2FF240636995B0BE7C,bb0d920f0ec2dfb21c9641cc4bedfc6772dc381a,-4640,-4640,YES,YES,NO,NO,YES,ZERO_NEGATIVE_ZERO,4640,2018,NO,FORMAL_QUARANTINE_PENDING_AUTHORITATIVE_SEMANTICS
1285,275,2009-07-10,-4920,1285|275|2009-07-10,0,0,2009-07-06,2009-07-15,TSE SUI LUEN,0417,B01646,TAI NING STOCK CO LTD,webbsite_full.sqlite,holdings,holdings:rowid=61150294;issueID=1285;partID=275;atDate=2009-07-10,9CCDE356D068399BFBC931CA6E367E5944AFCF5C16C83D2FF240636995B0BE7C,bb0d920f0ec2dfb21c9641cc4bedfc6772dc381a,-4920,-4920,YES,YES,NO,NO,YES,ZERO_NEGATIVE_ZERO,4920,2009,NO,FORMAL_QUARANTINE_PENDING_AUTHORITATIVE_SEMANTICS
1302,209,2017-02-16,-60000,1302|209|2017-02-16,0,30000,2017-02-15,2017-02-17,WAI KEE HOLD,0610,B01543,KWONG FAT HONG (SECURITIES) LTD,webbsite_full.sqlite,holdings,holdings:rowid=62550625;issueID=1302;partID=209;atDate=2017-02-16,9CCDE356D068399BFBC931CA6E367E5944AFCF5C16C83D2FF240636995B0BE7C,bb0d920f0ec2dfb21c9641cc4bedfc6772dc381a,-60000,-60000,YES,YES,NO,NO,YES,ZERO_NEGATIVE_POSITIVE,60000,2017,NO,FORMAL_QUARANTINE_PENDING_AUTHORITATIVE_SEMANTICS
13620,1370,2023-04-14,-1000,13620|1370|2023-04-14,0,0,2023-03-30,2023-04-18,CA CULTURAL,1566,B01986,HUAJIN SECURITIES (INTERNATIONAL) LTD,webbsite_full.sqlite,holdings,holdings:rowid=193536122;issueID=13620;partID=1370;atDate=2023-04-14,9CCDE356D068399BFBC931CA6E367E5944AFCF5C16C83D2FF240636995B0BE7C,bb0d920f0ec2dfb21c9641cc4bedfc6772dc381a,-1000,-1000,YES,YES,NO,NO,YES,ZERO_NEGATIVE_ZERO,1000,2023,NO,FORMAL_QUARANTINE_PENDING_AUTHORITATIVE_SEMANTICS
14145,145,2020-08-20,-100000,14145|145|2020-08-20,0,0,2020-08-11,2020-08-24,CH GREENFRESH,6183,B01428,HIP HING SECURITIES LTD,webbsite_full.sqlite,holdings,holdings:rowid=194507888;issueID=14145;partID=145;atDate=2020-08-20,9CCDE356D068399BFBC931CA6E367E5944AFCF5C16C83D2FF240636995B0BE7C,bb0d920f0ec2dfb21c9641cc4bedfc6772dc381a,-100000,-100000,YES,YES,NO,NO,YES,ZERO_NEGATIVE_ZERO,100000,2020,NO,FORMAL_QUARANTINE_PENDING_AUTHORITATIVE_SEMANTICS
171,184,2011-05-25,-18000,171|184|2011-05-25,3000,3000,2010-11-19,2011-05-31,CROSS-HAR(HOLD),0032,B01494,AUDREY CHOW SECURITIES LTD,webbsite_full.sqlite,holdings,holdings:rowid=10835275;issueID=171;partID=184;atDate=2011-05-25,9CCDE356D068399BFBC931CA6E367E5944AFCF5C16C83D2FF240636995B0BE7C,bb0d920f0ec2dfb21c9641cc4bedfc6772dc381a,-18000,-18000,YES,YES,NO,NO,YES,POSITIVE_NEGATIVE_POSITIVE,18000,2011,NO,FORMAL_QUARANTINE_PENDING_AUTHORITATIVE_SEMANTICS
195,355,2009-06-10,-4000,195|355|2009-06-10,16000,16000,2009-01-09,2009-06-11,CHINA EB LTD,0165,B01751,IMAGI BROKERAGE LTD,webbsite_full.sqlite,holdings,holdings:rowid=12063774;issueID=195;partID=355;atDate=2009-06-10,9CCDE356D068399BFBC931CA6E367E5944AFCF5C16C83D2FF240636995B0BE7C,bb0d920f0ec2dfb21c9641cc4bedfc6772dc381a,-4000,-4000,YES,YES,NO,NO,YES,POSITIVE_NEGATIVE_POSITIVE,4000,2009,NO,FORMAL_QUARANTINE_PENDING_AUTHORITATIVE_SEMANTICS
1997,353,2022-04-22,-100000,1997|353|2022-04-22,0,0,2022-04-12,2022-04-26,LERADO FIN,1225,B01749,TANG KEE SECURITIES LTD,webbsite_full.sqlite,holdings,holdings:rowid=67857086;issueID=1997;partID=353;atDate=2022-04-22,9CCDE356D068399BFBC931CA6E367E5944AFCF5C16C83D2FF240636995B0BE7C,bb0d920f0ec2dfb21c9641cc4bedfc6772dc381a,-100000,-100000,YES,YES,NO,NO,YES,ZERO_NEGATIVE_ZERO,100000,2022,NO,FORMAL_QUARANTINE_PENDING_AUTHORITATIVE_SEMANTICS
20854,179,2017-03-29,-202800000,20854|179|2017-03-29,0,0,2016-10-03,2017-03-30,JIN MI FANG GP,8300,B01489,GRAND CARTEL SECURITIES CO LTD,webbsite_full.sqlite,holdings,holdings:rowid=200096567;issueID=20854;partID=179;atDate=2017-03-29,9CCDE356D068399BFBC931CA6E367E5944AFCF5C16C83D2FF240636995B0BE7C,bb0d920f0ec2dfb21c9641cc4bedfc6772dc381a,-202800000,-202800000,YES,YES,NO,NO,YES,ZERO_NEGATIVE_ZERO,202800000,2017,NO,FORMAL_QUARANTINE_PENDING_AUTHORITATIVE_SEMANTICS
21603,150,2018-07-20,-13000,21603|150|2018-07-20,26000,0,2018-07-13,2018-07-24,CHINARES PHARMA,3320,B01438,KINGSTON SECURITIES LTD,webbsite_full.sqlite,holdings,holdings:rowid=200769098;issueID=21603;partID=150;atDate=2018-07-20,9CCDE356D068399BFBC931CA6E367E5944AFCF5C16C83D2FF240636995B0BE7C,bb0d920f0ec2dfb21c9641cc4bedfc6772dc381a,-13000,-13000,YES,YES,NO,NO,YES,POSITIVE_NEGATIVE_ZERO,13000,2018,NO,FORMAL_QUARANTINE_PENDING_AUTHORITATIVE_SEMANTICS
22501,185,2017-03-30,-10000,22501|185|2017-03-30,0,0,2017-03-22,2017-04-05,DADI EDU,8417,B01497,SINOPAC SECURITIES (ASIA) LTD,webbsite_full.sqlite,holdings,holdings:rowid=202423283;issueID=22501;partID=185;atDate=2017-03-30,9CCDE356D068399BFBC931CA6E367E5944AFCF5C16C83D2FF240636995B0BE7C,bb0d920f0ec2dfb21c9641cc4bedfc6772dc381a,-10000,-10000,YES,YES,NO,NO,YES,ZERO_NEGATIVE_ZERO,10000,2017,NO,FORMAL_QUARANTINE_PENDING_AUTHORITATIVE_SEMANTICS
2280,102,2009-07-13,-3000,2280|102|2009-07-13,5000,-3000,2009-03-09,2009-07-14,TCL ELECTRONICS,1070,B01343,CELETIO INVESTMENTS LTD,webbsite_full.sqlite,holdings,holdings:rowid=69684509;issueID=2280;partID=102;atDate=2009-07-13,9CCDE356D068399BFBC931CA6E367E5944AFCF5C16C83D2FF240636995B0BE7C,bb0d920f0ec2dfb21c9641cc4bedfc6772dc381a,-3000,-3000,YES,YES,NO,NO,YES,NEGATIVE_RUN_START,3000,2009,NO,FORMAL_QUARANTINE_PENDING_AUTHORITATIVE_SEMANTICS
2280,102,2009-07-14,-3000,2280|102|2009-07-14,-3000,1000,2009-07-13,2009-07-15,TCL ELECTRONICS,1070,B01343,CELETIO INVESTMENTS LTD,webbsite_full.sqlite,holdings,holdings:rowid=69684510;issueID=2280;partID=102;atDate=2009-07-14,9CCDE356D068399BFBC931CA6E367E5944AFCF5C16C83D2FF240636995B0BE7C,bb0d920f0ec2dfb21c9641cc4bedfc6772dc381a,-3000,-3000,YES,YES,NO,NO,YES,REPEATED_NEGATIVE_RUN,3000,2009,NO,FORMAL_QUARANTINE_PENDING_AUTHORITATIVE_SEMANTICS
24973,132,2022-07-12,-30000,24973|132|2022-07-12,0,0,2022-07-06,2022-07-14,BRIGHTSTAR TECH,8446,B01410,WINGS SECURITIES (HK) LTD,webbsite_full.sqlite,holdings,holdings:rowid=203717638;issueID=24973;partID=132;atDate=2022-07-12,9CCDE356D068399BFBC931CA6E367E5944AFCF5C16C83D2FF240636995B0BE7C,bb0d920f0ec2dfb21c9641cc4bedfc6772dc381a,-30000,-30000,YES,YES,NO,NO,YES,ZERO_NEGATIVE_ZERO,30000,2022,NO,FORMAL_QUARANTINE_PENDING_AUTHORITATIVE_SEMANTICS
25453,62,2025-04-17,-500,25453|62|2025-04-17,0,0,2025-04-15,2025-04-25,YIXIN,2858,B01259,FAIR EAGLE SECURITIES CO LTD,webbsite_full.sqlite,holdings,holdings:rowid=205974458;issueID=25453;partID=62;atDate=2025-04-17,9CCDE356D068399BFBC931CA6E367E5944AFCF5C16C83D2FF240636995B0BE7C,bb0d920f0ec2dfb21c9641cc4bedfc6772dc381a,-500,-500,YES,YES,NO,NO,YES,ZERO_NEGATIVE_ZERO,500,2025,NO,FORMAL_QUARANTINE_PENDING_AUTHORITATIVE_SEMANTICS
25800,70,2018-03-05,-1295800,25800|70|2018-03-05,29765,29765,2018-03-02,2018-03-06,XINGHUA PORT,1990,B01274,MORGAN STANLEY HONG KONG SECURITIES LTD,webbsite_full.sqlite,holdings,holdings:rowid=206990227;issueID=25800;partID=70;atDate=2018-03-05,9CCDE356D068399BFBC931CA6E367E5944AFCF5C16C83D2FF240636995B0BE7C,bb0d920f0ec2dfb21c9641cc4bedfc6772dc381a,-1295800,-1295800,YES,YES,NO,NO,YES,POSITIVE_NEGATIVE_POSITIVE,1295800,2018,NO,FORMAL_QUARANTINE_PENDING_AUTHORITATIVE_SEMANTICS
26,366,2016-11-09,-653,26|366|2016-11-09,4347,4347,2016-11-03,2016-11-10,HYSAN DEV,0014,B01765,PROMISING SECURITIES CO LTD,webbsite_full.sqlite,holdings,holdings:rowid=2943984;issueID=26;partID=366;atDate=2016-11-09,9CCDE356D068399BFBC931CA6E367E5944AFCF5C16C83D2FF240636995B0BE7C,bb0d920f0ec2dfb21c9641cc4bedfc6772dc381a,-653,-653,YES,YES,NO,NO,YES,POSITIVE_NEGATIVE_POSITIVE,653,2016,NO,FORMAL_QUARANTINE_PENDING_AUTHORITATIVE_SEMANTICS
26467,102,2018-06-06,-5000,26467|102|2018-06-06,0,0,2018-06-04,2018-06-08,NICHE-TECH SEMI,8490,B01343,CELETIO INVESTMENTS LTD,webbsite_full.sqlite,holdings,holdings:rowid=208522025;issueID=26467;partID=102;atDate=2018-06-06,9CCDE356D068399BFBC931CA6E367E5944AFCF5C16C83D2FF240636995B0BE7C,bb0d920f0ec2dfb21c9641cc4bedfc6772dc381a,-5000,-5000,YES,YES,NO,NO,YES,ZERO_NEGATIVE_ZERO,5000,2018,NO,FORMAL_QUARANTINE_PENDING_AUTHORITATIVE_SEMANTICS
2665,366,2010-02-26,-20000,2665|366|2010-02-26,10000,10000,2010-02-23,2010-03-01,CENTURY GINWA,162,B01765,PROMISING SECURITIES CO LTD,webbsite_full.sqlite,holdings,holdings:rowid=76513170;issueID=2665;partID=366;atDate=2010-02-26,9CCDE356D068399BFBC931CA6E367E5944AFCF5C16C83D2FF240636995B0BE7C,bb0d920f0ec2dfb21c9641cc4bedfc6772dc381a,-20000,-20000,YES,YES,NO,NO,YES,POSITIVE_NEGATIVE_POSITIVE,20000,2010,NO,FORMAL_QUARANTINE_PENDING_AUTHORITATIVE_SEMANTICS
26953,155,2022-06-10,-200000,26953|155|2022-06-10,44000,12000,2022-06-07,2022-06-14,SHING CHI HLDGS,1741,B01445,VICTORY SECURITIES CO LTD,webbsite_full.sqlite,holdings,holdings:rowid=211929980;issueID=26953;partID=155;atDate=2022-06-10,9CCDE356D068399BFBC931CA6E367E5944AFCF5C16C83D2FF240636995B0BE7C,bb0d920f0ec2dfb21c9641cc4bedfc6772dc381a,-200000,-200000,YES,YES,NO,NO,YES,POSITIVE_NEGATIVE_POSITIVE,200000,2022,NO,FORMAL_QUARANTINE_PENDING_AUTHORITATIVE_SEMANTICS
2699,77,2009-03-17,-955000,2699|77|2009-03-17,45000,-755000,2009-03-13,2009-03-18,CAPITAL REALM,204,B01289,SOUTH CHINA SECURITIES LTD,webbsite_full.sqlite,holdings,holdings:rowid=76949189;issueID=2699;partID=77;atDate=2009-03-17,9CCDE356D068399BFBC931CA6E367E5944AFCF5C16C83D2FF240636995B0BE7C,bb0d920f0ec2dfb21c9641cc4bedfc6772dc381a,-955000,-955000,YES,YES,NO,NO,YES,NEGATIVE_RUN_START,955000,2009,NO,FORMAL_QUARANTINE_PENDING_AUTHORITATIVE_SEMANTICS
2699,77,2009-03-18,-755000,2699|77|2009-03-18,-955000,245000,2009-03-17,2009-03-19,CAPITAL REALM,204,B01289,SOUTH CHINA SECURITIES LTD,webbsite_full.sqlite,holdings,holdings:rowid=76949190;issueID=2699;partID=77;atDate=2009-03-18,9CCDE356D068399BFBC931CA6E367E5944AFCF5C16C83D2FF240636995B0BE7C,bb0d920f0ec2dfb21c9641cc4bedfc6772dc381a,-755000,-755000,YES,YES,NO,NO,YES,REPEATED_NEGATIVE_RUN,755000,2009,NO,FORMAL_QUARANTINE_PENDING_AUTHORITATIVE_SEMANTICS
27,192,2009-12-01,-13140,27|192|2009-12-01,10860,8860,2009-11-30,2009-12-03,BANK OF E ASIA,0023,B01510,ORIENTAL PATRON SECURITIES LTD,webbsite_full.sqlite,holdings,holdings:rowid=3153973;issueID=27;partID=192;atDate=2009-12-01,9CCDE356D068399BFBC931CA6E367E5944AFCF5C16C83D2FF240636995B0BE7C,bb0d920f0ec2dfb21c9641cc4bedfc6772dc381a,-13140,-13140,YES,YES,NO,NO,YES,POSITIVE_NEGATIVE_POSITIVE,13140,2009,NO,FORMAL_QUARANTINE_PENDING_AUTHORITATIVE_SEMANTICS
2720,298,2011-04-08,-76000,2720|298|2011-04-08,50000,0,2011-03-31,2011-04-12,CITY COOLXU-OLD,8586,B01673,FULBRIGHT SECURITIES LTD,webbsite_full.sqlite,holdings,holdings:rowid=77150241;issueID=2720;partID=298;atDate=2011-04-08,9CCDE356D068399BFBC931CA6E367E5944AFCF5C16C83D2FF240636995B0BE7C,bb0d920f0ec2dfb21c9641cc4bedfc6772dc381a,-76000,-76000,YES,YES,NO,NO,YES,POSITIVE_NEGATIVE_ZERO,76000,2011,NO,FORMAL_QUARANTINE_PENDING_AUTHORITATIVE_SEMANTICS
2747,187,2010-06-17,-400000,2747|187|2010-06-17,968110,868110,2010-06-07,2010-06-21,ETERNITY INV,764,B01501,GOLDRIDE SECURITIES LTD,webbsite_full.sqlite,holdings,holdings:rowid=77995588;issueID=2747;partID=187;atDate=2010-06-17,9CCDE356D068399BFBC931CA6E367E5944AFCF5C16C83D2FF240636995B0BE7C,bb0d920f0ec2dfb21c9641cc4bedfc6772dc381a,-400000,-400000,YES,YES,NO,NO,YES,POSITIVE_NEGATIVE_POSITIVE,400000,2010,NO,FORMAL_QUARANTINE_PENDING_AUTHORITATIVE_SEMANTICS
27922,423,2019-12-23,-1916400,27922|423|2019-12-23,16304400,16083600,2019-12-20,2019-12-24,DUIBA,1753,B01826,GF SECURITIES (HONG KONG) BROKERAGE LTD,webbsite_full.sqlite,holdings,holdings:rowid=214943436;issueID=27922;partID=423;atDate=2019-12-23,9CCDE356D068399BFBC931CA6E367E5944AFCF5C16C83D2FF240636995B0BE7C,bb0d920f0ec2dfb21c9641cc4bedfc6772dc381a,-1916400,-1916400,YES,YES,NO,NO,YES,POSITIVE_NEGATIVE_POSITIVE,1916400,2019,NO,FORMAL_QUARANTINE_PENDING_AUTHORITATIVE_SEMANTICS
27922,423,2019-12-31,-3907200,27922|423|2019-12-31,14092800,14092800,2019-12-30,2020-01-02,DUIBA,1753,B01826,GF SECURITIES (HONG KONG) BROKERAGE LTD,webbsite_full.sqlite,holdings,holdings:rowid=214943440;issueID=27922;partID=423;atDate=2019-12-31,9CCDE356D068399BFBC931CA6E367E5944AFCF5C16C83D2FF240636995B0BE7C,bb0d920f0ec2dfb21c9641cc4bedfc6772dc381a,-3907200,-3907200,YES,YES,NO,NO,YES,POSITIVE_NEGATIVE_POSITIVE,3907200,2019,NO,FORMAL_QUARANTINE_PENDING_AUTHORITATIVE_SEMANTICS
2857,267,2015-04-08,-2344108,2857|267|2015-04-08,72655892,70755892,2015-04-02,2015-04-09,AOM INT'L,381,B01633,ENLIGHTEN SECURITIES LTD,webbsite_full.sqlite,holdings,holdings:rowid=80758571;issueID=2857;partID=267;atDate=2015-04-08,9CCDE356D068399BFBC931CA6E367E5944AFCF5C16C83D2FF240636995B0BE7C,bb0d920f0ec2dfb21c9641cc4bedfc6772dc381a,-2344108,-2344108,YES,YES,NO,NO,YES,POSITIVE_NEGATIVE_POSITIVE,2344108,2015,NO,FORMAL_QUARANTINE_PENDING_AUTHORITATIVE_SEMANTICS
29903,114,2021-01-19,-2000,29903|114|2021-01-19,0,0,2021-01-08,2021-01-20,CGII HLDGS,1940,B01373,CHRISTFUND SECURITIES LTD,webbsite_full.sqlite,holdings,holdings:rowid=222496638;issueID=29903;partID=114;atDate=2021-01-19,9CCDE356D068399BFBC931CA6E367E5944AFCF5C16C83D2FF240636995B0BE7C,bb0d920f0ec2dfb21c9641cc4bedfc6772dc381a,-2000,-2000,YES,YES,NO,NO,YES,ZERO_NEGATIVE_ZERO,2000,2021,NO,FORMAL_QUARANTINE_PENDING_AUTHORITATIVE_SEMANTICS
30432,119,2021-02-03,-1000,30432|119|2021-02-03,0,2000,2021-01-19,2021-02-05,STRAWBEAR ENT,2125,B01385,FAIRWIN BROKING LTD,webbsite_full.sqlite,holdings,holdings:rowid=223962936;issueID=30432;partID=119;atDate=2021-02-03,9CCDE356D068399BFBC931CA6E367E5944AFCF5C16C83D2FF240636995B0BE7C,bb0d920f0ec2dfb21c9641cc4bedfc6772dc381a,-1000,-1000,YES,YES,NO,NO,YES,ZERO_NEGATIVE_POSITIVE,1000,2021,NO,FORMAL_QUARANTINE_PENDING_AUTHORITATIVE_SEMANTICS
30578,380,2021-03-08,-500,30578|380|2021-03-08,0,0,2021-02-26,2021-03-09,NH HEALTH,6606,B01779,LEE'S SECURITIES CO LTD (IN LIQUIDATION),webbsite_full.sqlite,holdings,holdings:rowid=224555658;issueID=30578;partID=380;atDate=2021-03-08,9CCDE356D068399BFBC931CA6E367E5944AFCF5C16C83D2FF240636995B0BE7C,bb0d920f0ec2dfb21c9641cc4bedfc6772dc381a,-500,-500,YES,YES,NO,NO,YES,ZERO_NEGATIVE_ZERO,500,2021,NO,FORMAL_QUARANTINE_PENDING_AUTHORITATIVE_SEMANTICS
3072,291,2010-07-23,-20000,3072|291|2010-07-23,80000,0,2010-07-22,2010-07-27,MOISELLE INT'L,0130,B01665,WINSOME STOCK CO LTD,webbsite_full.sqlite,holdings,holdings:rowid=85389118;issueID=3072;partID=291;atDate=2010-07-23,9CCDE356D068399BFBC931CA6E367E5944AFCF5C16C83D2FF240636995B0BE7C,bb0d920f0ec2dfb21c9641cc4bedfc6772dc381a,-20000,-20000,YES,YES,NO,NO,YES,POSITIVE_NEGATIVE_ZERO,20000,2010,NO,FORMAL_QUARANTINE_PENDING_AUTHORITATIVE_SEMANTICS
309,298,2010-01-29,-40000,309|298|2010-01-29,0,0,2010-01-26,2010-02-02,PAK FAH YEOW,0239,B01673,FULBRIGHT SECURITIES LTD,webbsite_full.sqlite,holdings,holdings:rowid=17228924;issueID=309;partID=298;atDate=2010-01-29,9CCDE356D068399BFBC931CA6E367E5944AFCF5C16C83D2FF240636995B0BE7C,bb0d920f0ec2dfb21c9641cc4bedfc6772dc381a,-40000,-40000,YES,YES,NO,NO,YES,ZERO_NEGATIVE_ZERO,40000,2010,NO,FORMAL_QUARANTINE_PENDING_AUTHORITATIVE_SEMANTICS
3142,88,2012-03-02,-500000,3142|88|2012-03-02,0,0,2012-02-28,2012-03-05,WATER OASIS GP,1161,B01310,TUNG TAK SECURITIES (H.K.) CO LTD,webbsite_full.sqlite,holdings,holdings:rowid=87817811;issueID=3142;partID=88;atDate=2012-03-02,9CCDE356D068399BFBC931CA6E367E5944AFCF5C16C83D2FF240636995B0BE7C,bb0d920f0ec2dfb21c9641cc4bedfc6772dc381a,-500000,-500000,YES,YES,NO,NO,YES,ZERO_NEGATIVE_ZERO,500000,2012,NO,FORMAL_QUARANTINE_PENDING_AUTHORITATIVE_SEMANTICS
3371,292,2014-10-16,-243739,3371|292|2014-10-16,60263,60263,2014-10-03,2014-10-17,SAU SAN TONG,8200,B01666,GLORY SUN SECURITIES LTD,webbsite_full.sqlite,holdings,holdings:rowid=94032728;issueID=3371;partID=292;atDate=2014-10-16,9CCDE356D068399BFBC931CA6E367E5944AFCF5C16C83D2FF240636995B0BE7C,bb0d920f0ec2dfb21c9641cc4bedfc6772dc381a,-243739,-243739,YES,YES,NO,NO,YES,POSITIVE_NEGATIVE_POSITIVE,243739,2014,NO,FORMAL_QUARANTINE_PENDING_AUTHORITATIVE_SEMANTICS
344,1210,2015-03-26,-2051,344|1210|2015-03-26,0,0,2015-03-20,2015-03-30,MATRIX HOLDINGS,1005,B01939,SOOCHOW SECURITIES INTERNATIONAL,webbsite_full.sqlite,holdings,holdings:rowid=18181365;issueID=344;partID=1210;atDate=2015-03-26,9CCDE356D068399BFBC931CA6E367E5944AFCF5C16C83D2FF240636995B0BE7C,bb0d920f0ec2dfb21c9641cc4bedfc6772dc381a,-2051,-2051,YES,YES,NO,NO,YES,ZERO_NEGATIVE_ZERO,2051,2015,NO,FORMAL_QUARANTINE_PENDING_AUTHORITATIVE_SEMANTICS
34915,108,2025-10-24,-30624000,34915|108|2025-10-24,40056000,92928000,2025-10-23,2025-10-27,ZHONGSHENJIANYE,2503,B01353,UOB KAY HIAN (HONG KONG) LTD,webbsite_full.sqlite,holdings,holdings:rowid=228547890;issueID=34915;partID=108;atDate=2025-10-24,9CCDE356D068399BFBC931CA6E367E5944AFCF5C16C83D2FF240636995B0BE7C,bb0d920f0ec2dfb21c9641cc4bedfc6772dc381a,-30624000,-30624000,YES,YES,NO,NO,YES,POSITIVE_NEGATIVE_POSITIVE,30624000,2025,NO,FORMAL_QUARANTINE_PENDING_AUTHORITATIVE_SEMANTICS
3510,194,2009-06-08,-20000,3510|194|2009-06-08,0,-20000,2009-06-05,2009-06-09,HKC INT'L HOLD,0248,B01514,KARL-THOMSON SECURITIES CO LTD,webbsite_full.sqlite,holdings,holdings:rowid=104847210;issueID=3510;partID=194;atDate=2009-06-08,9CCDE356D068399BFBC931CA6E367E5944AFCF5C16C83D2FF240636995B0BE7C,bb0d920f0ec2dfb21c9641cc4bedfc6772dc381a,-20000,-20000,YES,YES,NO,NO,YES,NEGATIVE_RUN_START,20000,2009,NO,FORMAL_QUARANTINE_PENDING_AUTHORITATIVE_SEMANTICS
3510,194,2009-06-09,-20000,3510|194|2009-06-09,-20000,0,2009-06-08,2009-07-15,HKC INT'L HOLD,0248,B01514,KARL-THOMSON SECURITIES CO LTD,webbsite_full.sqlite,holdings,holdings:rowid=104847211;issueID=3510;partID=194;atDate=2009-06-09,9CCDE356D068399BFBC931CA6E367E5944AFCF5C16C83D2FF240636995B0BE7C,bb0d920f0ec2dfb21c9641cc4bedfc6772dc381a,-20000,-20000,YES,YES,NO,NO,YES,REPEATED_NEGATIVE_RUN,20000,2009,NO,FORMAL_QUARANTINE_PENDING_AUTHORITATIVE_SEMANTICS
35305,83,2024-06-24,-547000,35305|83|2024-06-24,4254350,29000,2024-06-17,2024-07-03,XTALPI,2228,B01298,GET NICE SECURITIES LTD,webbsite_full.sqlite,holdings,holdings:rowid=228882231;issueID=35305;partID=83;atDate=2024-06-24,9CCDE356D068399BFBC931CA6E367E5944AFCF5C16C83D2FF240636995B0BE7C,bb0d920f0ec2dfb21c9641cc4bedfc6772dc381a,-547000,-547000,YES,YES,NO,NO,YES,POSITIVE_NEGATIVE_POSITIVE,547000,2024,NO,FORMAL_QUARANTINE_PENDING_AUTHORITATIVE_SEMANTICS
3550,353,2011-01-03,-12000,3550|353|2011-01-03,0,0,2010-12-28,2011-01-05,SHANDONG MOLONG,0568,B01749,TANG KEE SECURITIES LTD,webbsite_full.sqlite,holdings,holdings:rowid=105274404;issueID=3550;partID=353;atDate=2011-01-03,9CCDE356D068399BFBC931CA6E367E5944AFCF5C16C83D2FF240636995B0BE7C,bb0d920f0ec2dfb21c9641cc4bedfc6772dc381a,-12000,-12000,YES,YES,NO,NO,YES,ZERO_NEGATIVE_ZERO,12000,2011,NO,FORMAL_QUARANTINE_PENDING_AUTHORITATIVE_SEMANTICS
3553,184,2010-10-26,-500,3553|184|2010-10-26,,0,,2010-11-03,LIFESTYLE INT'L,1212,B01494,AUDREY CHOW SECURITIES LTD,webbsite_full.sqlite,holdings,holdings:rowid=105414834;issueID=3553;partID=184;atDate=2010-10-26,9CCDE356D068399BFBC931CA6E367E5944AFCF5C16C83D2FF240636995B0BE7C,bb0d920f0ec2dfb21c9641cc4bedfc6772dc381a,-500,-500,YES,YES,NO,NO,YES,NEGATIVE_FIRST_OBSERVATION,500,2010,NO,FORMAL_QUARANTINE_PENDING_AUTHORITATIVE_SEMANTICS
37,366,2016-06-29,-10365,37|366|2016-06-29,10635,2635,2016-06-24,2016-06-30,GREAT EAGLE H,0041,B01765,PROMISING SECURITIES CO LTD,webbsite_full.sqlite,holdings,holdings:rowid=3532217;issueID=37;partID=366;atDate=2016-06-29,9CCDE356D068399BFBC931CA6E367E5944AFCF5C16C83D2FF240636995B0BE7C,bb0d920f0ec2dfb21c9641cc4bedfc6772dc381a,-10365,-10365,YES,YES,NO,NO,YES,POSITIVE_NEGATIVE_POSITIVE,10365,2016,NO,FORMAL_QUARANTINE_PENDING_AUTHORITATIVE_SEMANTICS
37,366,2017-06-06,-1365,37|366|2017-06-06,6635,635,2017-06-01,2017-06-08,GREAT EAGLE H,0041,B01765,PROMISING SECURITIES CO LTD,webbsite_full.sqlite,holdings,holdings:rowid=3532252;issueID=37;partID=366;atDate=2017-06-06,9CCDE356D068399BFBC931CA6E367E5944AFCF5C16C83D2FF240636995B0BE7C,bb0d920f0ec2dfb21c9641cc4bedfc6772dc381a,-1365,-1365,YES,YES,NO,NO,YES,POSITIVE_NEGATIVE_POSITIVE,1365,2017,NO,FORMAL_QUARANTINE_PENDING_AUTHORITATIVE_SEMANTICS
379,111,2015-06-03,-90000,379|111|2015-06-03,146876,146876,2015-05-29,2015-06-04,CSC HOLDINGS,235,B01362,JOSPA INVESTMENT CO LTD,webbsite_full.sqlite,holdings,holdings:rowid=22018325;issueID=379;partID=111;atDate=2015-06-03,9CCDE356D068399BFBC931CA6E367E5944AFCF5C16C83D2FF240636995B0BE7C,bb0d920f0ec2dfb21c9641cc4bedfc6772dc381a,-90000,-90000,YES,YES,NO,NO,YES,POSITIVE_NEGATIVE_POSITIVE,90000,2015,NO,FORMAL_QUARANTINE_PENDING_AUTHORITATIVE_SEMANTICS
392,78,2016-10-04,-2000,392|78|2016-10-04,0,0,2016-09-30,2016-10-05,AEON CREDIT,0900,B01290,SPS SECURITIES LTD,webbsite_full.sqlite,holdings,holdings:rowid=22511243;issueID=392;partID=78;atDate=2016-10-04,9CCDE356D068399BFBC931CA6E367E5944AFCF5C16C83D2FF240636995B0BE7C,bb0d920f0ec2dfb21c9641cc4bedfc6772dc381a,-2000,-2000,YES,YES,NO,NO,YES,ZERO_NEGATIVE_ZERO,2000,2016,NO,FORMAL_QUARANTINE_PENDING_AUTHORITATIVE_SEMANTICS
402,37,2012-09-10,-2000,402|37|2012-09-10,0,0,2012-07-24,2012-09-12,ASIA SATELLITE,1135,B01184,QUAM SECURITIES LTD,webbsite_full.sqlite,holdings,holdings:rowid=22725961;issueID=402;partID=37;atDate=2012-09-10,9CCDE356D068399BFBC931CA6E367E5944AFCF5C16C83D2FF240636995B0BE7C,bb0d920f0ec2dfb21c9641cc4bedfc6772dc381a,-2000,-2000,YES,YES,NO,NO,YES,ZERO_NEGATIVE_ZERO,2000,2012,NO,FORMAL_QUARANTINE_PENDING_AUTHORITATIVE_SEMANTICS
4398,1077,2021-09-03,-417806,4398|1077|2021-09-03,833399,271501,2021-09-02,2021-09-06,CEB WATER,1857,C00093,BNP PARIBAS,webbsite_full.sqlite,holdings,holdings:rowid=109435238;issueID=4398;partID=1077;atDate=2021-09-03,9CCDE356D068399BFBC931CA6E367E5944AFCF5C16C83D2FF240636995B0BE7C,bb0d920f0ec2dfb21c9641cc4bedfc6772dc381a,-417806,-417806,YES,YES,NO,NO,YES,POSITIVE_NEGATIVE_POSITIVE,417806,2021,NO,FORMAL_QUARANTINE_PENDING_AUTHORITATIVE_SEMANTICS
4711,119,2017-12-07,-10000,4711|119|2017-12-07,6000,6000,2017-11-24,2017-12-08,CNBM,3323,B01385,FAIRWIN BROKING LTD,webbsite_full.sqlite,holdings,holdings:rowid=122684156;issueID=4711;partID=119;atDate=2017-12-07,9CCDE356D068399BFBC931CA6E367E5944AFCF5C16C83D2FF240636995B0BE7C,bb0d920f0ec2dfb21c9641cc4bedfc6772dc381a,-10000,-10000,YES,YES,NO,NO,YES,POSITIVE_NEGATIVE_POSITIVE,10000,2017,NO,FORMAL_QUARANTINE_PENDING_AUTHORITATIVE_SEMANTICS
4728,199,2009-05-21,-2144,4728|199|2009-05-21,1200,-2144,2009-05-19,2009-05-22,SHK CO W0905,0466,B01523,EVER-LONG SECURITIES CO LTD,webbsite_full.sqlite,holdings,holdings:rowid=123335921;issueID=4728;partID=199;atDate=2009-05-21,9CCDE356D068399BFBC931CA6E367E5944AFCF5C16C83D2FF240636995B0BE7C,bb0d920f0ec2dfb21c9641cc4bedfc6772dc381a,-2144,-2144,YES,YES,NO,NO,YES,NEGATIVE_RUN_START,2144,2009,NO,FORMAL_QUARANTINE_PENDING_AUTHORITATIVE_SEMANTICS
4728,199,2009-05-22,-2144,4728|199|2009-05-22,-2144,-2144,2009-05-21,2009-05-25,SHK CO W0905,0466,B01523,EVER-LONG SECURITIES CO LTD,webbsite_full.sqlite,holdings,holdings:rowid=123335922;issueID=4728;partID=199;atDate=2009-05-22,9CCDE356D068399BFBC931CA6E367E5944AFCF5C16C83D2FF240636995B0BE7C,bb0d920f0ec2dfb21c9641cc4bedfc6772dc381a,-2144,-2144,YES,YES,NO,NO,YES,REPEATED_NEGATIVE_RUN,2144,2009,NO,FORMAL_QUARANTINE_PENDING_AUTHORITATIVE_SEMANTICS
4728,199,2009-05-25,-2144,4728|199|2009-05-25,-2144,-2144,2009-05-22,2009-05-26,SHK CO W0905,0466,B01523,EVER-LONG SECURITIES CO LTD,webbsite_full.sqlite,holdings,holdings:rowid=123335923;issueID=4728;partID=199;atDate=2009-05-25,9CCDE356D068399BFBC931CA6E367E5944AFCF5C16C83D2FF240636995B0BE7C,bb0d920f0ec2dfb21c9641cc4bedfc6772dc381a,-2144,-2144,YES,YES,NO,NO,YES,REPEATED_NEGATIVE_RUN,2144,2009,NO,FORMAL_QUARANTINE_PENDING_AUTHORITATIVE_SEMANTICS
4728,199,2009-05-26,-2144,4728|199|2009-05-26,-2144,-2144,2009-05-25,2009-05-27,SHK CO W0905,0466,B01523,EVER-LONG SECURITIES CO LTD,webbsite_full.sqlite,holdings,holdings:rowid=123335924;issueID=4728;partID=199;atDate=2009-05-26,9CCDE356D068399BFBC931CA6E367E5944AFCF5C16C83D2FF240636995B0BE7C,bb0d920f0ec2dfb21c9641cc4bedfc6772dc381a,-2144,-2144,YES,YES,NO,NO,YES,REPEATED_NEGATIVE_RUN,2144,2009,NO,FORMAL_QUARANTINE_PENDING_AUTHORITATIVE_SEMANTICS
4728,199,2009-05-27,-2144,4728|199|2009-05-27,-2144,-2144,2009-05-26,2009-05-29,SHK CO W0905,0466,B01523,EVER-LONG SECURITIES CO LTD,webbsite_full.sqlite,holdings,holdings:rowid=123335925;issueID=4728;partID=199;atDate=2009-05-27,9CCDE356D068399BFBC931CA6E367E5944AFCF5C16C83D2FF240636995B0BE7C,bb0d920f0ec2dfb21c9641cc4bedfc6772dc381a,-2144,-2144,YES,YES,NO,NO,YES,REPEATED_NEGATIVE_RUN,2144,2009,NO,FORMAL_QUARANTINE_PENDING_AUTHORITATIVE_SEMANTICS
4728,199,2009-05-29,-2144,4728|199|2009-05-29,-2144,,2009-05-27,,SHK CO W0905,0466,B01523,EVER-LONG SECURITIES CO LTD,webbsite_full.sqlite,holdings,holdings:rowid=123335926;issueID=4728;partID=199;atDate=2009-05-29,9CCDE356D068399BFBC931CA6E367E5944AFCF5C16C83D2FF240636995B0BE7C,bb0d920f0ec2dfb21c9641cc4bedfc6772dc381a,-2144,-2144,YES,YES,NO,NO,YES,REPEATED_NEGATIVE_RUN,2144,2009,NO,FORMAL_QUARANTINE_PENDING_AUTHORITATIVE_SEMANTICS
4775,231,2010-01-19,-1000,4775|231|2010-01-19,0,0,2009-07-29,2010-01-21,GREENLAND HK,337,B01575,MASTER TRADEMORE SECURITIES LTD,webbsite_full.sqlite,holdings,holdings:rowid=127215586;issueID=4775;partID=231;atDate=2010-01-19,9CCDE356D068399BFBC931CA6E367E5944AFCF5C16C83D2FF240636995B0BE7C,bb0d920f0ec2dfb21c9641cc4bedfc6772dc381a,-1000,-1000,YES,YES,NO,NO,YES,ZERO_NEGATIVE_ZERO,1000,2010,NO,FORMAL_QUARANTINE_PENDING_AUTHORITATIVE_SEMANTICS
4787,78,2008-10-31,-197120,4787|78|2008-10-31,191500,191500,2008-10-30,2008-11-03,KB LAMINATES,1888,B01290,SPS SECURITIES LTD,webbsite_full.sqlite,holdings,holdings:rowid=128578700;issueID=4787;partID=78;atDate=2008-10-31,9CCDE356D068399BFBC931CA6E367E5944AFCF5C16C83D2FF240636995B0BE7C,bb0d920f0ec2dfb21c9641cc4bedfc6772dc381a,-197120,-197120,YES,YES,NO,NO,YES,POSITIVE_NEGATIVE_POSITIVE,197120,2008,NO,FORMAL_QUARANTINE_PENDING_AUTHORITATIVE_SEMANTICS
5056,90,2009-03-05,-5000,5056|90|2009-03-05,0,17000,2009-02-27,2009-05-08,STRONG PETRO,0852,B01320,LUEN FAT SECURITIES CO LTD,webbsite_full.sqlite,holdings,holdings:rowid=148948585;issueID=5056;partID=90;atDate=2009-03-05,9CCDE356D068399BFBC931CA6E367E5944AFCF5C16C83D2FF240636995B0BE7C,bb0d920f0ec2dfb21c9641cc4bedfc6772dc381a,-5000,-5000,YES,YES,NO,NO,YES,ZERO_NEGATIVE_POSITIVE,5000,2009,NO,FORMAL_QUARANTINE_PENDING_AUTHORITATIVE_SEMANTICS
54,312,2009-05-08,-56532,54|312|2009-05-08,3468,363492,2009-05-07,2009-05-11,KANTONE HOLDING,1059,B01696,HANTEC SECURITIES CO LTD,webbsite_full.sqlite,holdings,holdings:rowid=5924268;issueID=54;partID=312;atDate=2009-05-08,9CCDE356D068399BFBC931CA6E367E5944AFCF5C16C83D2FF240636995B0BE7C,bb0d920f0ec2dfb21c9641cc4bedfc6772dc381a,-56532,-56532,YES,YES,NO,NO,YES,POSITIVE_NEGATIVE_POSITIVE,56532,2009,NO,FORMAL_QUARANTINE_PENDING_AUTHORITATIVE_SEMANTICS
5462,131,2012-05-08,-2000,5462|131|2012-05-08,0,0,2012-03-13,2012-05-09,TRINITY,0891,B01407,WIN WONG SECURITIES LTD,webbsite_full.sqlite,holdings,holdings:rowid=154387103;issueID=5462;partID=131;atDate=2012-05-08,9CCDE356D068399BFBC931CA6E367E5944AFCF5C16C83D2FF240636995B0BE7C,bb0d920f0ec2dfb21c9641cc4bedfc6772dc381a,-2000,-2000,YES,YES,NO,NO,YES,ZERO_NEGATIVE_ZERO,2000,2012,NO,FORMAL_QUARANTINE_PENDING_AUTHORITATIVE_SEMANTICS
5462,131,2012-05-14,-2000,5462|131|2012-05-14,0,0,2012-05-09,2012-05-15,TRINITY,0891,B01407,WIN WONG SECURITIES LTD,webbsite_full.sqlite,holdings,holdings:rowid=154387105;issueID=5462;partID=131;atDate=2012-05-14,9CCDE356D068399BFBC931CA6E367E5944AFCF5C16C83D2FF240636995B0BE7C,bb0d920f0ec2dfb21c9641cc4bedfc6772dc381a,-2000,-2000,YES,YES,NO,NO,YES,ZERO_NEGATIVE_ZERO,2000,2012,NO,FORMAL_QUARANTINE_PENDING_AUTHORITATIVE_SEMANTICS
6067,428,2010-12-31,-30000,6067|428|2010-12-31,0,0,2010-10-29,2011-01-05,KAISA CAPITAL,936,B01831,NERICO BROTHERS LTD,webbsite_full.sqlite,holdings,holdings:rowid=162119889;issueID=6067;partID=428;atDate=2010-12-31,9CCDE356D068399BFBC931CA6E367E5944AFCF5C16C83D2FF240636995B0BE7C,bb0d920f0ec2dfb21c9641cc4bedfc6772dc381a,-30000,-30000,YES,YES,NO,NO,YES,ZERO_NEGATIVE_ZERO,30000,2010,NO,FORMAL_QUARANTINE_PENDING_AUTHORITATIVE_SEMANTICS
6067,95,2010-08-09,-20000,6067|95|2010-08-09,0,0,2010-08-02,2010-08-10,KAISA CAPITAL,936,B01328,BAN HIN SECURITIES CO LTD,webbsite_full.sqlite,holdings,holdings:rowid=162111080;issueID=6067;partID=95;atDate=2010-08-09,9CCDE356D068399BFBC931CA6E367E5944AFCF5C16C83D2FF240636995B0BE7C,bb0d920f0ec2dfb21c9641cc4bedfc6772dc381a,-20000,-20000,YES,YES,NO,NO,YES,ZERO_NEGATIVE_ZERO,20000,2010,NO,FORMAL_QUARANTINE_PENDING_AUTHORITATIVE_SEMANTICS
6215,39,2010-10-25,-2000,6215|39|2010-10-25,0,2000,2010-10-22,2010-10-27,DORSETT,2266,B01192,SEEKERS MARKETS LTD (IN LIQUIDATION),webbsite_full.sqlite,holdings,holdings:rowid=164441127;issueID=6215;partID=39;atDate=2010-10-25,9CCDE356D068399BFBC931CA6E367E5944AFCF5C16C83D2FF240636995B0BE7C,bb0d920f0ec2dfb21c9641cc4bedfc6772dc381a,-2000,-2000,YES,YES,NO,NO,YES,ZERO_NEGATIVE_POSITIVE,2000,2010,NO,FORMAL_QUARANTINE_PENDING_AUTHORITATIVE_SEMANTICS
63,220,2012-04-19,-18000,63|220|2012-04-19,9500,9500,2012-03-29,2012-04-20,CLP HOLDINGS,0002,B01559,WISETRADE SECURITIES LTD,webbsite_full.sqlite,holdings,holdings:rowid=6675225;issueID=63;partID=220;atDate=2012-04-19,9CCDE356D068399BFBC931CA6E367E5944AFCF5C16C83D2FF240636995B0BE7C,bb0d920f0ec2dfb21c9641cc4bedfc6772dc381a,-18000,-18000,YES,YES,NO,NO,YES,POSITIVE_NEGATIVE_POSITIVE,18000,2012,NO,FORMAL_QUARANTINE_PENDING_AUTHORITATIVE_SEMANTICS
63,28,2011-01-13,-3960,63|28|2011-01-13,1000,1000,2011-01-10,2011-01-17,CLP HOLDINGS,0002,B01157,PASAY STOCK AND SHARES LTD,webbsite_full.sqlite,holdings,holdings:rowid=6518780;issueID=63;partID=28;atDate=2011-01-13,9CCDE356D068399BFBC931CA6E367E5944AFCF5C16C83D2FF240636995B0BE7C,bb0d920f0ec2dfb21c9641cc4bedfc6772dc381a,-3960,-3960,YES,YES,NO,NO,YES,POSITIVE_NEGATIVE_POSITIVE,3960,2011,NO,FORMAL_QUARANTINE_PENDING_AUTHORITATIVE_SEMANTICS
63,318,2016-06-29,-2000,63|318|2016-06-29,1000,1000,2016-06-17,2016-07-04,CLP HOLDINGS,0002,B01705,HENIK SECURITIES LTD,webbsite_full.sqlite,holdings,holdings:rowid=6730158;issueID=63;partID=318;atDate=2016-06-29,9CCDE356D068399BFBC931CA6E367E5944AFCF5C16C83D2FF240636995B0BE7C,bb0d920f0ec2dfb21c9641cc4bedfc6772dc381a,-2000,-2000,YES,YES,NO,NO,YES,POSITIVE_NEGATIVE_POSITIVE,2000,2016,NO,FORMAL_QUARANTINE_PENDING_AUTHORITATIVE_SEMANTICS
7,412,2010-11-16,-1000,7|412|2010-11-16,0,0,2010-11-02,2010-11-18,WHEELOCK,0020,B01814,WELL LINK SECURITIES LTD,webbsite_full.sqlite,holdings,holdings:rowid=886728;issueID=7;partID=412;atDate=2010-11-16,9CCDE356D068399BFBC931CA6E367E5944AFCF5C16C83D2FF240636995B0BE7C,bb0d920f0ec2dfb21c9641cc4bedfc6772dc381a,-1000,-1000,YES,YES,NO,NO,YES,ZERO_NEGATIVE_ZERO,1000,2010,NO,FORMAL_QUARANTINE_PENDING_AUTHORITATIVE_SEMANTICS
7014,144,2011-09-08,-2000,7014|144|2011-09-08,0,0,2011-08-18,2011-09-09,WINOX,6838,B01427,TSE'S SECURITIES LTD,webbsite_full.sqlite,holdings,holdings:rowid=172901024;issueID=7014;partID=144;atDate=2011-09-08,9CCDE356D068399BFBC931CA6E367E5944AFCF5C16C83D2FF240636995B0BE7C,bb0d920f0ec2dfb21c9641cc4bedfc6772dc381a,-2000,-2000,YES,YES,NO,NO,YES,ZERO_NEGATIVE_ZERO,2000,2011,NO,FORMAL_QUARANTINE_PENDING_AUTHORITATIVE_SEMANTICS
7284,495,2022-09-30,-1,7284|495|2022-09-30,,0,,2022-10-06,PERFECT MEDICAL,1830,,HONG KONG SECURITIES CLEARING CO. LTD.,webbsite_full.sqlite,holdings,holdings:rowid=175771984;issueID=7284;partID=495;atDate=2022-09-30,9CCDE356D068399BFBC931CA6E367E5944AFCF5C16C83D2FF240636995B0BE7C,bb0d920f0ec2dfb21c9641cc4bedfc6772dc381a,-1,-1,YES,YES,NO,NO,YES,NEGATIVE_FIRST_OBSERVATION,1,2022,NO,FORMAL_QUARANTINE_PENDING_AUTHORITATIVE_SEMANTICS
7284,83,2012-02-17,-16000,7284|83|2012-02-17,80000,80000,2012-02-15,2012-02-20,PERFECT MEDICAL,1830,B01298,GET NICE SECURITIES LTD,webbsite_full.sqlite,holdings,holdings:rowid=175711844;issueID=7284;partID=83;atDate=2012-02-17,9CCDE356D068399BFBC931CA6E367E5944AFCF5C16C83D2FF240636995B0BE7C,bb0d920f0ec2dfb21c9641cc4bedfc6772dc381a,-16000,-16000,YES,YES,NO,NO,YES,POSITIVE_NEGATIVE_POSITIVE,16000,2012,NO,FORMAL_QUARANTINE_PENDING_AUTHORITATIVE_SEMANTICS
9244,236,2014-08-27,-1130000,9244|236|2014-08-27,4870000,4870000,2014-08-22,2014-08-28,JIANGNAN GP,1366,B01581,KINGSWAY FINANCIAL SERVICES GROUP LTD,webbsite_full.sqlite,holdings,holdings:rowid=177056600;issueID=9244;partID=236;atDate=2014-08-27,9CCDE356D068399BFBC931CA6E367E5944AFCF5C16C83D2FF240636995B0BE7C,bb0d920f0ec2dfb21c9641cc4bedfc6772dc381a,-1130000,-1130000,YES,YES,NO,NO,YES,POSITIVE_NEGATIVE_POSITIVE,1130000,2014,NO,FORMAL_QUARANTINE_PENDING_AUTHORITATIVE_SEMANTICS
975,38,2014-10-08,-18513,975|38|2014-10-08,2630,2630,2014-09-26,2014-10-09,GOLDIN PPT,0283,B01191,OKACHI INVESTMENTS (HONG KONG) CO LTD,webbsite_full.sqlite,holdings,holdings:rowid=32341717;issueID=975;partID=38;atDate=2014-10-08,9CCDE356D068399BFBC931CA6E367E5944AFCF5C16C83D2FF240636995B0BE7C,bb0d920f0ec2dfb21c9641cc4bedfc6772dc381a,-18513,-18513,YES,YES,NO,NO,YES,POSITIVE_NEGATIVE_POSITIVE,18513,2014,NO,FORMAL_QUARANTINE_PENDING_AUTHORITATIVE_SEMANTICS
983,150,2010-09-20,-266068000,983|150|2010-09-20,4932000,4932000,2010-09-15,2011-09-09,SOFTMEDX,648,B01438,KINGSTON SECURITIES LTD,webbsite_full.sqlite,holdings,holdings:rowid=33238895;issueID=983;partID=150;atDate=2010-09-20,9CCDE356D068399BFBC931CA6E367E5944AFCF5C16C83D2FF240636995B0BE7C,bb0d920f0ec2dfb21c9641cc4bedfc6772dc381a,-266068000,-266068000,YES,YES,NO,NO,YES,POSITIVE_NEGATIVE_POSITIVE,266068000,2010,NO,FORMAL_QUARANTINE_PENDING_AUTHORITATIVE_SEMANTICS
984,307,2016-06-14,-1490000,984|307|2016-06-14,1010000,510000,2016-06-08,2016-06-17,DINGYI GP INV,508,B01686,FIRST SHANGHAI SECURITIES LTD,webbsite_full.sqlite,holdings,holdings:rowid=33345858;issueID=984;partID=307;atDate=2016-06-14,9CCDE356D068399BFBC931CA6E367E5944AFCF5C16C83D2FF240636995B0BE7C,bb0d920f0ec2dfb21c9641cc4bedfc6772dc381a,-1490000,-1490000,YES,YES,NO,NO,YES,POSITIVE_NEGATIVE_POSITIVE,1490000,2016,NO,FORMAL_QUARANTINE_PENDING_AUTHORITATIVE_SEMANTICS
