issue_id,part_id,change_date,absolute_holding,source_rowid,security_name,participant_name,previous_change_date,previous_absolute_holding,next_change_date,next_absolute_holding,forensic_classification,safe_automatic_disposition
1,28,2014-09-18,-20000,35946,WHARF HOLDINGS,PASAY STOCK AND SHARES LTD,2014-09-08,0,2014-09-22,0,ISOLATED_NEGATIVE_BETWEEN_STATES,NONE
1005,62,2020-10-28,-13678,36538408,CHUANG'S INT'L,FAIR EAGLE SECURITIES CO LTD,2020-06-05,12012,2020-10-29,12012,ISOLATED_NEGATIVE_BETWEEN_STATES,NONE
1053,422,2015-04-08,-47272000,40590242,TONGGUAN GOLD,GUOYUAN SECURITIES BROKERAGE (HONG KONG),2015-04-01,2728000,2015-04-09,2738000,ISOLATED_NEGATIVE_BETWEEN_STATES,NONE
11212,172,2015-05-06,-4000,182904629,HK FINANCE GP,SUN GROWTH SECURITIES LTD,2015-04-23,0,2015-05-07,0,ISOLATED_NEGATIVE_BETWEEN_STATES,NONE
11279,103,2016-11-28,-1744000,183104138,ECHO INT HOLD,PHILLIP SECURITIES (HONG KONG) LTD,2016-11-24,1284000,2016-11-29,1256000,ISOLATED_NEGATIVE_BETWEEN_STATES,NONE
1128,144,2010-01-26,-4000,47943468,LAM SOON (HK),TSE'S SECURITIES LTD,2010-01-22,0,2010-01-28,0,ISOLATED_NEGATIVE_BETWEEN_STATES,NONE
1128,144,2010-02-02,-4000,47943470,LAM SOON (HK),TSE'S SECURITIES LTD,2010-01-28,0,2010-02-03,0,ISOLATED_NEGATIVE_BETWEEN_STATES,NONE
1128,220,2010-03-25,-2000,47943970,LAM SOON (HK),WISETRADE SECURITIES LTD,2009-10-20,0,2010-03-29,0,ISOLATED_NEGATIVE_BETWEEN_STATES,NONE
1137,412,2010-09-30,-38300,48855339,LI & FUNG,WELL LINK SECURITIES LTD,2010-09-14,0,2010-10-04,0,ISOLATED_NEGATIVE_BETWEEN_STATES,NONE
1149,111,2014-12-03,-19166,50264453,MAN SANG INT'L,JOSPA INVESTMENT CO LTD,2014-11-27,0,2014-12-04,0,ISOLATED_NEGATIVE_BETWEEN_STATES,NONE
1169,15,2009-12-04,-2000,52143396,NGAI HING HONG,REORIENT FINANCIAL MARKETS LTD,2009-11-30,2000,2009-12-07,0,ISOLATED_NEGATIVE_BETWEEN_STATES,NONE
1226,243,2017-11-01,-78864,55451671,SEA HOLDINGS,INTERACTIVE BROKERS HONG KONG LTD,2017-10-31,21136,2017-11-02,43136,ISOLATED_NEGATIVE_BETWEEN_STATES,NONE
1245,353,2015-04-29,-136200,58500818,CHINA VERED FIN,TANG KEE SECURITIES LTD,2015-04-20,63800,2015-05-05,63800,ISOLATED_NEGATIVE_BETWEEN_STATES,NONE
12487,236,2016-01-19,-43810000,188864420,CG DUNXIN,KINGSWAY FINANCIAL SERVICES GROUP LTD,2016-01-18,38242000,2016-01-21,-44660000,NEGATIVE_RUN_START,NONE
12487,236,2016-01-21,-44660000,188864421,CG DUNXIN,KINGSWAY FINANCIAL SERVICES GROUP LTD,2016-01-19,-43810000,2019-10-16,0,REPEATED_NEGATIVE_RUN,NONE
12521,114,2015-04-14,-1000,189303167,TIANGE,CHRISTFUND SECURITIES LTD,2014-08-12,0,2015-04-15,4000,ISOLATED_NEGATIVE_BETWEEN_STATES,NONE
12688,111,2014-12-03,-3833,190068550,BAIJIN LIFE-32K,JOSPA INVESTMENT CO LTD,2014-11-27,0,2014-12-04,0,ISOLATED_NEGATIVE_BETWEEN_STATES,NONE
128,240,2018-01-04,-4640,9857110,LAI SUN INT'L,SINO GRADE SECURITIES LTD,2018-01-02,0,2018-01-05,0,ISOLATED_NEGATIVE_BETWEEN_STATES,NONE
1285,275,2009-07-10,-4920,61150294,TSE SUI LUEN,TAI NING STOCK CO LTD,2009-07-06,0,2009-07-15,0,ISOLATED_NEGATIVE_BETWEEN_STATES,NONE
1302,209,2017-02-16,-60000,62550625,WAI KEE HOLD,KWONG FAT HONG (SECURITIES) LTD,2017-02-15,0,2017-02-17,30000,ISOLATED_NEGATIVE_BETWEEN_STATES,NONE
13620,1370,2023-04-14,-1000,193536122,CA CULTURAL,HUAJIN SECURITIES (INTERNATIONAL) LTD,2023-03-30,0,2023-04-18,0,ISOLATED_NEGATIVE_BETWEEN_STATES,NONE
14145,145,2020-08-20,-100000,194507888,CH GREENFRESH,HIP HING SECURITIES LTD,2020-08-11,0,2020-08-24,0,ISOLATED_NEGATIVE_BETWEEN_STATES,NONE
171,184,2011-05-25,-18000,10835275,CROSS-HAR(HOLD),AUDREY CHOW SECURITIES LTD,2010-11-19,3000,2011-05-31,3000,ISOLATED_NEGATIVE_BETWEEN_STATES,NONE
195,355,2009-06-10,-4000,12063774,CHINA EB LTD,IMAGI BROKERAGE LTD,2009-01-09,16000,2009-06-11,16000,ISOLATED_NEGATIVE_BETWEEN_STATES,NONE
1997,353,2022-04-22,-100000,67857086,LERADO FIN,TANG KEE SECURITIES LTD,2022-04-12,0,2022-04-26,0,ISOLATED_NEGATIVE_BETWEEN_STATES,NONE
20854,179,2017-03-29,-202800000,200096567,JIN MI FANG GP,GRAND CARTEL SECURITIES CO LTD,2016-10-03,0,2017-03-30,0,ISOLATED_NEGATIVE_BETWEEN_STATES,NONE
21603,150,2018-07-20,-13000,200769098,CHINARES PHARMA,KINGSTON SECURITIES LTD,2018-07-13,26000,2018-07-24,0,ISOLATED_NEGATIVE_BETWEEN_STATES,NONE
22501,185,2017-03-30,-10000,202423283,DADI EDU,SINOPAC SECURITIES (ASIA) LTD,2017-03-22,0,2017-04-05,0,ISOLATED_NEGATIVE_BETWEEN_STATES,NONE
2280,102,2009-07-13,-3000,69684509,TCL ELECTRONICS,CELETIO INVESTMENTS LTD,2009-03-09,5000,2009-07-14,-3000,NEGATIVE_RUN_START,NONE
2280,102,2009-07-14,-3000,69684510,TCL ELECTRONICS,CELETIO INVESTMENTS LTD,2009-07-13,-3000,2009-07-15,1000,REPEATED_NEGATIVE_RUN,NONE
24973,132,2022-07-12,-30000,203717638,BRIGHTSTAR TECH,WINGS SECURITIES (HK) LTD,2022-07-06,0,2022-07-14,0,ISOLATED_NEGATIVE_BETWEEN_STATES,NONE
25453,62,2025-04-17,-500,205974458,YIXIN,FAIR EAGLE SECURITIES CO LTD,2025-04-15,0,2025-04-25,0,ISOLATED_NEGATIVE_BETWEEN_STATES,NONE
25800,70,2018-03-05,-1295800,206990227,XINGHUA PORT,MORGAN STANLEY HONG KONG SECURITIES LTD,2018-03-02,29765,2018-03-06,29765,ISOLATED_NEGATIVE_BETWEEN_STATES,NONE
26,366,2016-11-09,-653,2943984,HYSAN DEV,PROMISING SECURITIES CO LTD,2016-11-03,4347,2016-11-10,4347,ISOLATED_NEGATIVE_BETWEEN_STATES,NONE
26467,102,2018-06-06,-5000,208522025,NICHE-TECH SEMI,CELETIO INVESTMENTS LTD,2018-06-04,0,2018-06-08,0,ISOLATED_NEGATIVE_BETWEEN_STATES,NONE
2665,366,2010-02-26,-20000,76513170,CENTURY GINWA,PROMISING SECURITIES CO LTD,2010-02-23,10000,2010-03-01,10000,ISOLATED_NEGATIVE_BETWEEN_STATES,NONE
26953,155,2022-06-10,-200000,211929980,SHING CHI HLDGS,VICTORY SECURITIES CO LTD,2022-06-07,44000,2022-06-14,12000,ISOLATED_NEGATIVE_BETWEEN_STATES,NONE
2699,77,2009-03-17,-955000,76949189,CAPITAL REALM,SOUTH CHINA SECURITIES LTD,2009-03-13,45000,2009-03-18,-755000,NEGATIVE_RUN_START,NONE
2699,77,2009-03-18,-755000,76949190,CAPITAL REALM,SOUTH CHINA SECURITIES LTD,2009-03-17,-955000,2009-03-19,245000,REPEATED_NEGATIVE_RUN,NONE
27,192,2009-12-01,-13140,3153973,BANK OF E ASIA,ORIENTAL PATRON SECURITIES LTD,2009-11-30,10860,2009-12-03,8860,ISOLATED_NEGATIVE_BETWEEN_STATES,NONE
2720,298,2011-04-08,-76000,77150241,CITY COOLXU-OLD,FULBRIGHT SECURITIES LTD,2011-03-31,50000,2011-04-12,0,ISOLATED_NEGATIVE_BETWEEN_STATES,NONE
2747,187,2010-06-17,-400000,77995588,ETERNITY INV,GOLDRIDE SECURITIES LTD,2010-06-07,968110,2010-06-21,868110,ISOLATED_NEGATIVE_BETWEEN_STATES,NONE
27922,423,2019-12-23,-1916400,214943436,DUIBA,GF SECURITIES (HONG KONG) BROKERAGE LTD,2019-12-20,16304400,2019-12-24,16083600,ISOLATED_NEGATIVE_BETWEEN_STATES,NONE
27922,423,2019-12-31,-3907200,214943440,DUIBA,GF SECURITIES (HONG KONG) BROKERAGE LTD,2019-12-30,14092800,2020-01-02,14092800,ISOLATED_NEGATIVE_BETWEEN_STATES,NONE
2857,267,2015-04-08,-2344108,80758571,AOM INT'L,ENLIGHTEN SECURITIES LTD,2015-04-02,72655892,2015-04-09,70755892,ISOLATED_NEGATIVE_BETWEEN_STATES,NONE
29903,114,2021-01-19,-2000,222496638,CGII HLDGS,CHRISTFUND SECURITIES LTD,2021-01-08,0,2021-01-20,0,ISOLATED_NEGATIVE_BETWEEN_STATES,NONE
30432,119,2021-02-03,-1000,223962936,STRAWBEAR ENT,FAIRWIN BROKING LTD,2021-01-19,0,2021-02-05,2000,ISOLATED_NEGATIVE_BETWEEN_STATES,NONE
30578,380,2021-03-08,-500,224555658,NH HEALTH,LEE'S SECURITIES CO LTD (IN LIQUIDATION),2021-02-26,0,2021-03-09,0,ISOLATED_NEGATIVE_BETWEEN_STATES,NONE
3072,291,2010-07-23,-20000,85389118,MOISELLE INT'L,WINSOME STOCK CO LTD,2010-07-22,80000,2010-07-27,0,ISOLATED_NEGATIVE_BETWEEN_STATES,NONE
309,298,2010-01-29,-40000,17228924,PAK FAH YEOW,FULBRIGHT SECURITIES LTD,2010-01-26,0,2010-02-02,0,ISOLATED_NEGATIVE_BETWEEN_STATES,NONE
3142,88,2012-03-02,-500000,87817811,WATER OASIS GP,TUNG TAK SECURITIES (H.K.) CO LTD,2012-02-28,0,2012-03-05,0,ISOLATED_NEGATIVE_BETWEEN_STATES,NONE
3371,292,2014-10-16,-243739,94032728,SAU SAN TONG,GLORY SUN SECURITIES LTD,2014-10-03,60263,2014-10-17,60263,ISOLATED_NEGATIVE_BETWEEN_STATES,NONE
344,1210,2015-03-26,-2051,18181365,MATRIX HOLDINGS,SOOCHOW SECURITIES INTERNATIONAL,2015-03-20,0,2015-03-30,0,ISOLATED_NEGATIVE_BETWEEN_STATES,NONE
34915,108,2025-10-24,-30624000,228547890,ZHONGSHENJIANYE,UOB KAY HIAN (HONG KONG) LTD,2025-10-23,40056000,2025-10-27,92928000,ISOLATED_NEGATIVE_BETWEEN_STATES,NONE
3510,194,2009-06-08,-20000,104847210,HKC INT'L HOLD,KARL-THOMSON SECURITIES CO LTD,2009-06-05,0,2009-06-09,-20000,NEGATIVE_RUN_START,NONE
3510,194,2009-06-09,-20000,104847211,HKC INT'L HOLD,KARL-THOMSON SECURITIES CO LTD,2009-06-08,-20000,2009-07-15,0,REPEATED_NEGATIVE_RUN,NONE
35305,83,2024-06-24,-547000,228882231,XTALPI,GET NICE SECURITIES LTD,2024-06-17,4254350,2024-07-03,29000,ISOLATED_NEGATIVE_BETWEEN_STATES,NONE
3550,353,2011-01-03,-12000,105274404,SHANDONG MOLONG,TANG KEE SECURITIES LTD,2010-12-28,0,2011-01-05,0,ISOLATED_NEGATIVE_BETWEEN_STATES,NONE
3553,184,2010-10-26,-500,105414834,LIFESTYLE INT'L,AUDREY CHOW SECURITIES LTD,,,2010-11-03,0,NEGATIVE_FIRST_OBSERVATION,NONE
37,366,2016-06-29,-10365,3532217,GREAT EAGLE H,PROMISING SECURITIES CO LTD,2016-06-24,10635,2016-06-30,2635,ISOLATED_NEGATIVE_BETWEEN_STATES,NONE
37,366,2017-06-06,-1365,3532252,GREAT EAGLE H,PROMISING SECURITIES CO LTD,2017-06-01,6635,2017-06-08,635,ISOLATED_NEGATIVE_BETWEEN_STATES,NONE
379,111,2015-06-03,-90000,22018325,CSC HOLDINGS,JOSPA INVESTMENT CO LTD,2015-05-29,146876,2015-06-04,146876,ISOLATED_NEGATIVE_BETWEEN_STATES,NONE
392,78,2016-10-04,-2000,22511243,AEON CREDIT,SPS SECURITIES LTD,2016-09-30,0,2016-10-05,0,ISOLATED_NEGATIVE_BETWEEN_STATES,NONE
402,37,2012-09-10,-2000,22725961,ASIA SATELLITE,QUAM SECURITIES LTD,2012-07-24,0,2012-09-12,0,ISOLATED_NEGATIVE_BETWEEN_STATES,NONE
4398,1077,2021-09-03,-417806,109435238,CEB WATER,BNP PARIBAS,2021-09-02,833399,2021-09-06,271501,ISOLATED_NEGATIVE_BETWEEN_STATES,NONE
4711,119,2017-12-07,-10000,122684156,CNBM,FAIRWIN BROKING LTD,2017-11-24,6000,2017-12-08,6000,ISOLATED_NEGATIVE_BETWEEN_STATES,NONE
4728,199,2009-05-21,-2144,123335921,SHK CO W0905,EVER-LONG SECURITIES CO LTD,2009-05-19,1200,2009-05-22,-2144,NEGATIVE_RUN_START,NONE
4728,199,2009-05-22,-2144,123335922,SHK CO W0905,EVER-LONG SECURITIES CO LTD,2009-05-21,-2144,2009-05-25,-2144,REPEATED_NEGATIVE_RUN,NONE
4728,199,2009-05-25,-2144,123335923,SHK CO W0905,EVER-LONG SECURITIES CO LTD,2009-05-22,-2144,2009-05-26,-2144,REPEATED_NEGATIVE_RUN,NONE
4728,199,2009-05-26,-2144,123335924,SHK CO W0905,EVER-LONG SECURITIES CO LTD,2009-05-25,-2144,2009-05-27,-2144,REPEATED_NEGATIVE_RUN,NONE
4728,199,2009-05-27,-2144,123335925,SHK CO W0905,EVER-LONG SECURITIES CO LTD,2009-05-26,-2144,2009-05-29,-2144,REPEATED_NEGATIVE_RUN,NONE
4728,199,2009-05-29,-2144,123335926,SHK CO W0905,EVER-LONG SECURITIES CO LTD,2009-05-27,-2144,,,REPEATED_NEGATIVE_RUN,NONE
4775,231,2010-01-19,-1000,127215586,GREENLAND HK,MASTER TRADEMORE SECURITIES LTD,2009-07-29,0,2010-01-21,0,ISOLATED_NEGATIVE_BETWEEN_STATES,NONE
4787,78,2008-10-31,-197120,128578700,KB LAMINATES,SPS SECURITIES LTD,2008-10-30,191500,2008-11-03,191500,ISOLATED_NEGATIVE_BETWEEN_STATES,NONE
5056,90,2009-03-05,-5000,148948585,STRONG PETRO,LUEN FAT SECURITIES CO LTD,2009-02-27,0,2009-05-08,17000,ISOLATED_NEGATIVE_BETWEEN_STATES,NONE
54,312,2009-05-08,-56532,5924268,KANTONE HOLDING,HANTEC SECURITIES CO LTD,2009-05-07,3468,2009-05-11,363492,ISOLATED_NEGATIVE_BETWEEN_STATES,NONE
5462,131,2012-05-08,-2000,154387103,TRINITY,WIN WONG SECURITIES LTD,2012-03-13,0,2012-05-09,0,ISOLATED_NEGATIVE_BETWEEN_STATES,NONE
5462,131,2012-05-14,-2000,154387105,TRINITY,WIN WONG SECURITIES LTD,2012-05-09,0,2012-05-15,0,ISOLATED_NEGATIVE_BETWEEN_STATES,NONE
6067,428,2010-12-31,-30000,162119889,KAISA CAPITAL,NERICO BROTHERS LTD,2010-10-29,0,2011-01-05,0,ISOLATED_NEGATIVE_BETWEEN_STATES,NONE
6067,95,2010-08-09,-20000,162111080,KAISA CAPITAL,BAN HIN SECURITIES CO LTD,2010-08-02,0,2010-08-10,0,ISOLATED_NEGATIVE_BETWEEN_STATES,NONE
6215,39,2010-10-25,-2000,164441127,DORSETT,SEEKERS MARKETS LTD (IN LIQUIDATION),2010-10-22,0,2010-10-27,2000,ISOLATED_NEGATIVE_BETWEEN_STATES,NONE
63,220,2012-04-19,-18000,6675225,CLP HOLDINGS,WISETRADE SECURITIES LTD,2012-03-29,9500,2012-04-20,9500,ISOLATED_NEGATIVE_BETWEEN_STATES,NONE
63,28,2011-01-13,-3960,6518780,CLP HOLDINGS,PASAY STOCK AND SHARES LTD,2011-01-10,1000,2011-01-17,1000,ISOLATED_NEGATIVE_BETWEEN_STATES,NONE
63,318,2016-06-29,-2000,6730158,CLP HOLDINGS,HENIK SECURITIES LTD,2016-06-17,1000,2016-07-04,1000,ISOLATED_NEGATIVE_BETWEEN_STATES,NONE
7,412,2010-11-16,-1000,886728,WHEELOCK,WELL LINK SECURITIES LTD,2010-11-02,0,2010-11-18,0,ISOLATED_NEGATIVE_BETWEEN_STATES,NONE
7014,144,2011-09-08,-2000,172901024,WINOX,TSE'S SECURITIES LTD,2011-08-18,0,2011-09-09,0,ISOLATED_NEGATIVE_BETWEEN_STATES,NONE
7284,495,2022-09-30,-1,175771984,PERFECT MEDICAL,HONG KONG SECURITIES CLEARING CO. LTD.,,,2022-10-06,0,NEGATIVE_FIRST_OBSERVATION,NONE
7284,83,2012-02-17,-16000,175711844,PERFECT MEDICAL,GET NICE SECURITIES LTD,2012-02-15,80000,2012-02-20,80000,ISOLATED_NEGATIVE_BETWEEN_STATES,NONE
9244,236,2014-08-27,-1130000,177056600,JIANGNAN GP,KINGSWAY FINANCIAL SERVICES GROUP LTD,2014-08-22,4870000,2014-08-28,4870000,ISOLATED_NEGATIVE_BETWEEN_STATES,NONE
975,38,2014-10-08,-18513,32341717,GOLDIN PPT,OKACHI INVESTMENTS (HONG KONG) CO LTD,2014-09-26,2630,2014-10-09,2630,ISOLATED_NEGATIVE_BETWEEN_STATES,NONE
983,150,2010-09-20,-266068000,33238895,SOFTMEDX,KINGSTON SECURITIES LTD,2010-09-15,4932000,2011-09-09,4932000,ISOLATED_NEGATIVE_BETWEEN_STATES,NONE
984,307,2016-06-14,-1490000,33345858,DINGYI GP INV,FIRST SHANGHAI SECURITIES LTD,2016-06-08,1010000,2016-06-17,510000,ISOLATED_NEGATIVE_BETWEEN_STATES,NONE
